#,Referencia,Codigo,Marca,Categoria,Material,Precio Unitario Pza,Precio Docena (x12),Stock Actual (Pzas),Tipo Venta BD
1,"016-4","016-4","SIN MARCA","AROS OPTICOS","","$10.50","$126.00",13,"DOCENA"
2,"016-5","016-5","SIN MARCA","AROS OPTICOS","","$13.50","$162.00",5,"DOCENA"
3,"108BLUE","108BLUE","S-M","CORDONES","Nylon","$0.50","$6.00",26,"DOCENA"
4,"108RED","108RED","S-M","CORDONES","Nylon","$0.50","$6.00",194,"DOCENA"
5,"11SHOESASSORT","11SHOESASSORT","SM","ACCESORIOS","Silicona","$0.83","$9.96",282,"DOCENA"
6,"11SHOESBLK","11SHOESBLK","SM","ACCESORIOS","Silicona","$0.83","$9.96",27,"DOCENA"
7,"11SHOESBRN","11SHOESBRN","SM","ACCESORIOS","Silicona","$0.83","$9.96",397,"DOCENA"
8,"11SHOESCL","11SHOESCL","SM","ACCESORIOS","Silicona","$0.83","$9.96",45,"DOCENA"
9,"14WHITEG","14WHITEG","S-M","ESTUCHE","PVC","$0.63","$7.56",6,"DOCENA"
10,"201BLK","201BLK","S-M","AROS OPTICOS","","$27.00","$324.00",24,"DOCENA"
11,"2283","2283","S-M","CORDONES","Acrílico","$2.58","$30.96",115,"DOCENA"
12,"22N088","22N088","S-M","CORDONES","Acrílico","$1.38","$16.56",110,"DOCENA"
13,"22N089","22N089","S-M","CORDONES","Poliéster","$1.38","$16.56",113,"DOCENA"
14,"22N090","22N090","S-M","CORDONES","Poliéster","$1.38","$16.56",73,"DOCENA"
15,"240620C3","240620C3","GREKO","AROS OPTICOS","","$3.70","$44.40",1,"DOCENA"
16,"240629C3","240629C3","N/A","N/A","Acetato / Metal","$3.70","$44.40",1,"DOCENA"
17,"240635C1","240635C1","N/A","N/A","Acetato / Metal","$3.70","$44.40",1,"DOCENA"
18,"51020BLUEP100","51020BLUEP100","SIN MARCA","AROS OPTICOS","","$0.80","$9.60",5,"DOCENA"
19,"82012C5","82012C5","MEGGAN","AROS OPTICOS","","$4.30","$51.60",1,"DOCENA"
20,"82031C11","82031C11","KARYNY","AROS OPTICOS","","$6.20","$74.40",1,"DOCENA"
21,"82277C1","82277C1","KARYNY","AROS OPTICOS","","$6.60","$79.20",1,"DOCENA"
22,"82277C2","82277C2","KARYNY","AROS OPTICOS","","$6.60","$79.20",1,"DOCENA"
23,"8601C1","8601C1","HI-LINE","AROS OPTICOS","","$3.60","$43.20",21,"DOCENA"
24,"876875-1","876875-1","N/A","N/A","Acrílico","$2.42","$29.04",15,"DOCENA"
25,"876875-2","876875-2","S-M","CORDONES","Acrílico","$2.08","$24.96",36,"DOCENA"
26,"8ESCREW","8ESCREW","SM","ACCESORIOS","","$9.00","$108.00",18,"DOCENA"
27,"90HANDBAG","90HANDBAG","SM","ESTUCHE","Sintético","$4.00","$48.00",99,"DOCENA"
28,"91HANDBAG","91HANDBAG","SM","ESTUCHE","Sintético","$4.00","$48.00",98,"DOCENA"
29,"92601C6","92601C6","KARYNY","AROS OPTICOS","","$6.00","$72.00",1,"DOCENA"
30,"9505C1","9505C1","SIN MARCA","AROS OPTICOS","","$9.20","$110.40",8,"DOCENA"
31,"9505C2","9505C2","SIN MARCA","AROS OPTICOS","","$9.20","$110.40",1,"DOCENA"
32,"9505C3","9505C3","SIN MARCA","AROS OPTICOS","","$9.20","$110.40",1,"DOCENA"
33,"9505C4","9505C4","SIN MARCA","AROS OPTICOS","","$9.20","$110.40",1,"DOCENA"
34,"9505C5","9505C5","SIN MARCA","AROS OPTICOS","","$9.20","$110.40",1,"DOCENA"
35,"9507C1","9507C1","SIN MARCA","AROS OPTICOS","","$9.20","$110.40",8,"DOCENA"
36,"9507C2","9507C2","SIN MARCA","AROS OPTICOS","","$9.20","$110.40",1,"DOCENA"
37,"9507C3","9507C3","SIN MARCA","AROS OPTICOS","","$9.20","$110.40",1,"DOCENA"
38,"9507C4","9507C4","SIN MARCA","AROS OPTICOS","","$9.20","$110.40",1,"DOCENA"
39,"9507C5","9507C5","SIN MARCA","AROS OPTICOS","","$9.20","$110.40",1,"DOCENA"
40,"9515C1","9515C1","SIN MARCA","AROS OPTICOS","","$9.20","$110.40",8,"DOCENA"
41,"9515C2","9515C2","SIN MARCA","AROS OPTICOS","","$9.20","$110.40",1,"DOCENA"
42,"9515C3","9515C3","SIN MARCA","AROS OPTICOS","","$9.20","$110.40",1,"DOCENA"
43,"9515C4","9515C4","SIN MARCA","AROS OPTICOS","","$9.20","$110.40",1,"DOCENA"
44,"9515C5","9515C5","SIN MARCA","AROS OPTICOS","","$9.20","$110.40",1,"DOCENA"
45,"9516C1","9516C1","SIN MARCA","AROS OPTICOS","","$9.20","$110.40",8,"DOCENA"
46,"9516C2","9516C2","SIN MARCA","AROS OPTICOS","","$9.20","$110.40",1,"DOCENA"
47,"9516C3","9516C3","SIN MARCA","AROS OPTICOS","","$9.20","$110.40",1,"DOCENA"
48,"9516C4","9516C4","SIN MARCA","AROS OPTICOS","","$9.20","$110.40",1,"DOCENA"
49,"9516C5","9516C5","SIN MARCA","AROS OPTICOS","","$9.20","$110.40",1,"DOCENA"
50,"9520C1","9520C1","SIN MARCA","AROS OPTICOS","","$9.20","$110.40",8,"DOCENA"
51,"9520C3","9520C3","SIN MARCA","AROS OPTICOS","","$9.20","$110.40",1,"DOCENA"
52,"9520C4","9520C4","SIN MARCA","AROS OPTICOS","","$9.20","$110.40",1,"DOCENA"
53,"9520C5","9520C5","SIN MARCA","AROS OPTICOS","","$9.20","$110.40",1,"DOCENA"
54,"9521C1","9521C1","SIN MARCA","AROS OPTICOS","","$9.20","$110.40",8,"DOCENA"
55,"9521C3","9521C3","SIN MARCA","AROS OPTICOS","","$9.20","$110.40",1,"DOCENA"
56,"9521C5","9521C5","SIN MARCA","AROS OPTICOS","","$9.20","$110.40",1,"DOCENA"
57,"9526C1","9526C1","SIN MARCA","AROS OPTICOS","","$9.20","$110.40",9,"DOCENA"
58,"9526C3","9526C3","SIN MARCA","AROS OPTICOS","","$9.20","$110.40",1,"DOCENA"
59,"9526C4","9526C4","SIN MARCA","AROS OPTICOS","","$9.20","$110.40",1,"DOCENA"
60,"9526C5","9526C5","SIN MARCA","AROS OPTICOS","","$9.20","$110.40",1,"DOCENA"
61,"9527C1","9527C1","SIN MARCA","AROS OPTICOS","","$9.20","$110.40",8,"DOCENA"
62,"9527C2","9527C2","SIN MARCA","AROS OPTICOS","","$9.20","$110.40",1,"DOCENA"
63,"9527C3","9527C3","SIN MARCA","AROS OPTICOS","","$9.20","$110.40",1,"DOCENA"
64,"9527C4","9527C4","SIN MARCA","AROS OPTICOS","","$9.20","$110.40",1,"DOCENA"
65,"9527C5","9527C5","SIN MARCA","AROS OPTICOS","","$9.20","$110.40",1,"DOCENA"
66,"9663C1","9663C1","SIN MARCA","AROS OPTICOS","","$9.20","$110.40",8,"DOCENA"
67,"9663C2","9663C2","SIN MARCA","AROS OPTICOS","","$9.20","$110.40",1,"DOCENA"
68,"9663C3","9663C3","SIN MARCA","AROS OPTICOS","","$9.20","$110.40",1,"DOCENA"
69,"9663C5","9663C5","SIN MARCA","AROS OPTICOS","","$9.20","$110.40",1,"DOCENA"
70,"9664C1","9664C1","SIN MARCA","AROS OPTICOS","","$9.20","$110.40",8,"DOCENA"
71,"9664C2","9664C2","SIN MARCA","AROS OPTICOS","","$9.20","$110.40",1,"DOCENA"
72,"9664C3","9664C3","SIN MARCA","AROS OPTICOS","","$9.20","$110.40",1,"DOCENA"
73,"9664C4","9664C4","SIN MARCA","AROS OPTICOS","","$9.20","$110.40",1,"DOCENA"
74,"9669C2","9669C2","SIN MARCA","AROS OPTICOS","","$9.20","$110.40",1,"DOCENA"
75,"9669C3","9669C3","SIN MARCA","AROS OPTICOS","","$9.20","$110.40",1,"DOCENA"
76,"9669C4","9669C4","SIN MARCA","AROS OPTICOS","","$9.20","$110.40",1,"DOCENA"
77,"9669C5","9669C5","SIN MARCA","AROS OPTICOS","","$9.20","$110.40",1,"DOCENA"
78,"9686C2","9686C2","SIN MARCA","AROS OPTICOS","","$9.20","$110.40",1,"DOCENA"
79,"9686C3","9686C3","SIN MARCA","AROS OPTICOS","","$9.20","$110.40",1,"DOCENA"
80,"9686C5","9686C5","SIN MARCA","AROS OPTICOS","","$9.20","$110.40",1,"DOCENA"
81,"9689C1","9689C1","SIN MARCA","AROS OPTICOS","","$9.20","$110.40",8,"DOCENA"
82,"9689C2","9689C2","SIN MARCA","AROS OPTICOS","","$9.20","$110.40",1,"DOCENA"
83,"9689C5","9689C5","SIN MARCA","AROS OPTICOS","","$9.20","$110.40",1,"DOCENA"
84,"9745C1","9745C1","SIN MARCA","AROS OPTICOS","","$9.20","$110.40",8,"DOCENA"
85,"9745C3","9745C3","SIN MARCA","AROS OPTICOS","","$9.20","$110.40",1,"DOCENA"
86,"9745C4","9745C4","SIN MARCA","AROS OPTICOS","","$9.20","$110.40",1,"DOCENA"
87,"9745C5","9745C5","SIN MARCA","AROS OPTICOS","","$9.20","$110.40",1,"DOCENA"
88,"997BLKP200","997BLKP200","SIN MARCA","AROS OPTICOS","","$0.60","$7.20",20,"DOCENA"
89,"997BLUEP250","997BLUEP250","SIN MARCA","AROS OPTICOS","","$0.60","$7.20",10,"DOCENA"
90,"A1028C1-1","A1028C1-1","ROSSETI","AROS OPTICOS","","$4.40","$52.80",1,"DOCENA"
91,"A1029C4","A1029C4","ROSSETI","AROS OPTICOS","","$4.40","$52.80",19,"DOCENA"
92,"A1032C4","A1032C4","ROSSETI","AROS OPTICOS","","$4.40","$52.80",6,"DOCENA"
93,"A1032C5","A1032C5","ROSSETI","AROS OPTICOS","","$4.40","$52.80",12,"DOCENA"
94,"A1033C3","A1033C3","ROSSETI","AROS OPTICOS","","$4.40","$52.80",13,"DOCENA"
95,"A1033C5","A1033C5","ROSSETI","AROS OPTICOS","","$4.40","$52.80",29,"DOCENA"
96,"A1034C3","A1034C3","ROSSETI","AROS OPTICOS","","$4.40","$52.80",4,"DOCENA"
97,"A1034C4","A1034C4","ROSSETI","AROS OPTICOS","","$4.40","$52.80",18,"DOCENA"
98,"A2015C1","A2015C1","GOLF PLAYER","AROS OPTICOS","","$3.70","$44.40",14,"DOCENA"
99,"A9011C4","A9011C4","N/A","N/A","Acetato / Metal","$7.90","$94.80",1,"DOCENA"
100,"ANTIALLERGYLINE","ANTIALLERGYLINE","SM","AROS OPTICOS","Nylon","$0.21","$2.52",14,"DOCENA"
101,"B071","B071","SIN MARCA","AROS OPTICOS","","$10.50","$126.00",17,"DOCENA"
102,"BACHELLET121101","BACHELLET121101","BACHELLET","AROS OPTICOS","Metal","$1.42","$17.04",210,"DOCENA"
103,"BACHELLET121102","BACHELLET121102","BACHELLET","AROS OPTICOS","Metal","$1.42","$17.04",486,"DOCENA"
104,"BACHELLET121103","BACHELLET121103","BACHELLET","AROS OPTICOS","Metal","$1.42","$17.04",232,"DOCENA"
105,"BACHELLET121104","BACHELLET121104","BACHELLET","AROS OPTICOS","Metal","$1.42","$17.04",65,"DOCENA"
106,"BACHELLET121105","BACHELLET121105","BACHELLET","AROS OPTICOS","Metal","$1.42","$17.04",462,"DOCENA"
107,"BACHELLET121107","BACHELLET121107","BACHELLET","AROS OPTICOS","Metal","$1.42","$17.04",65,"DOCENA"
108,"BACHELLET121108","BACHELLET121108","BACHELLET","AROS OPTICOS","Metal","$1.42","$17.04",221,"DOCENA"
109,"BACHELLET121109","BACHELLET121109","BACHELLET","AROS OPTICOS","Metal","$1.42","$17.04",305,"DOCENA"
110,"BELLUNO240952C1","BELLUNO240952C1","N/A","N/A","Acetato / Metal","$4.40","$52.80",4,"DOCENA"
111,"BOTTERI251001C1","BOTTERI251001C1","BOTTERI","AROS OPTICOS","","$4.08","$48.96",281,"DOCENA"
112,"BOTTERI251002C1","BOTTERI251002C1","BOTTERI","AROS OPTICOS","","$4.08","$48.96",240,"DOCENA"
113,"BOTTERI251003C1","BOTTERI251003C1","BOTTERI","AROS OPTICOS","","$4.08","$48.96",299,"DOCENA"
114,"BOTTERI251005C1","BOTTERI251005C1","BOTTERI","AROS OPTICOS","","$4.08","$48.96",294,"DOCENA"
115,"BOTTERI251006C1","BOTTERI251006C1","BOTTERI","AROS OPTICOS","","$4.08","$48.96",298,"DOCENA"
116,"BOTTERI251007C1","BOTTERI251007C1","BOTTERI","AROS OPTICOS","","$4.08","$48.96",248,"DOCENA"
117,"BOTTERI251008C1","BOTTERI251008C1","BOTTERI","AROS OPTICOS","","$4.08","$48.96",267,"DOCENA"
118,"BOTTERI251009C1","BOTTERI251009C1","BOTTERI","AROS OPTICOS","","$4.08","$48.96",265,"DOCENA"
119,"BOTTERI251010C1","BOTTERI251010C1","BOTTERI","AROS OPTICOS","","$4.08","$48.96",256,"DOCENA"
120,"BOTTERI251011C1","BOTTERI251011C1","BOTTERI","AROS OPTICOS","","$4.08","$48.96",281,"DOCENA"
121,"BOTTERI251012C1","BOTTERI251012C1","BOTTERI","AROS OPTICOS","","$4.08","$48.96",239,"DOCENA"
122,"BOTTERI251013C1","BOTTERI251013C1","BOTTERI","AROS OPTICOS","","$4.08","$48.96",270,"DOCENA"
123,"BOTTERI251015C1","BOTTERI251015C1","BOTTERI","AROS OPTICOS","","$4.08","$48.96",276,"DOCENA"
124,"BOTTERI251016C1","BOTTERI251016C1","BOTTERI","AROS OPTICOS","","$4.08","$48.96",293,"DOCENA"
125,"BOTTERI251018C1","BOTTERI251018C1","BOTTERI","AROS OPTICOS","","$4.08","$48.96",281,"DOCENA"
126,"BOTTERI251020C1","BOTTERI251020C1","BOTTERI","AROS OPTICOS","","$4.08","$48.96",282,"DOCENA"
127,"BOX98","BOX98","SM","ESTUCHE","","$0.29","$3.48",1170,"DOCENA"
128,"BUTTONBROWN","BUTTONBROWN","SM","AROS OPTICOS","Sintético","$0.80","$9.60",171,"DOCENA"
129,"BUTTONWHITE","BUTTONWHITE","SM","AROS OPTICOS","Sintético","$0.80","$9.60",564,"DOCENA"
130,"C5291C6","C5291C6","N/A","N/A","Acetato / Metal","$2.80","$33.60",8,"DOCENA"
131,"CANDIOTTI251001C1","CANDIOTTI251001C1","CANDIOTTI","AROS OPTICOS","","$2.40","$28.80",181,"DOCENA"
132,"CANDIOTTI251001C2","CANDIOTTI251001C2","CANDIOTTI","AROS OPTICOS","","$2.40","$28.80",110,"DOCENA"
133,"CANDIOTTI251001C3","CANDIOTTI251001C3","CANDIOTTI","AROS OPTICOS","","$2.40","$28.80",114,"DOCENA"
134,"CANDIOTTI251002C1","CANDIOTTI251002C1","CANDIOTTI","AROS OPTICOS","","$2.40","$28.80",162,"DOCENA"
135,"CANDIOTTI251002C2","CANDIOTTI251002C2","CANDIOTTI","AROS OPTICOS","","$2.40","$28.80",146,"DOCENA"
136,"CANDIOTTI251002C3","CANDIOTTI251002C3","CANDIOTTI","AROS OPTICOS","","$2.40","$28.80",132,"DOCENA"
137,"CANDIOTTI251003C1","CANDIOTTI251003C1","CANDIOTTI","AROS OPTICOS","","$2.40","$28.80",150,"DOCENA"
138,"CANDIOTTI251003C2","CANDIOTTI251003C2","CANDIOTTI","AROS OPTICOS","","$2.40","$28.80",88,"DOCENA"
139,"CANDIOTTI251004C1","CANDIOTTI251004C1","CANDIOTTI","AROS OPTICOS","","$2.40","$28.80",225,"DOCENA"
140,"CANDIOTTI251004C2","CANDIOTTI251004C2","CANDIOTTI","AROS OPTICOS","","$2.40","$28.80",182,"DOCENA"
141,"CANDIOTTI251004C3","CANDIOTTI251004C3","CANDIOTTI","AROS OPTICOS","","$2.40","$28.80",149,"DOCENA"
142,"CANDIOTTI251005C1","CANDIOTTI251005C1","CANDIOTTI","AROS OPTICOS","","$2.40","$28.80",170,"DOCENA"
143,"CANDIOTTI251005C2","CANDIOTTI251005C2","CANDIOTTI","AROS OPTICOS","","$2.40","$28.80",151,"DOCENA"
144,"CANDIOTTI251006C2","CANDIOTTI251006C2","CANDIOTTI","AROS OPTICOS","","$2.40","$28.80",149,"DOCENA"
145,"CANDIOTTI251006C3","CANDIOTTI251006C3","CANDIOTTI","AROS OPTICOS","","$2.40","$28.80",166,"DOCENA"
146,"CANDIOTTI251007C2","CANDIOTTI251007C2","CANDIOTTI","AROS OPTICOS","","$2.40","$28.80",87,"DOCENA"
147,"CANDIOTTI251007C3","CANDIOTTI251007C3","CANDIOTTI","AROS OPTICOS","","$2.40","$28.80",54,"DOCENA"
148,"CANDIOTTI251008C1","CANDIOTTI251008C1","CANDIOTTI","AROS OPTICOS","","$2.40","$28.80",190,"DOCENA"
149,"CANDIOTTI251008C2","CANDIOTTI251008C2","CANDIOTTI","AROS OPTICOS","","$2.40","$28.80",190,"DOCENA"
150,"CANDIOTTI251009C1","CANDIOTTI251009C1","CANDIOTTI","AROS OPTICOS","","$2.80","$33.60",140,"DOCENA"
151,"CANDIOTTI251009C2","CANDIOTTI251009C2","CANDIOTTI","AROS OPTICOS","","$2.81","$33.72",126,"DOCENA"
152,"CANDIOTTI251009C3","CANDIOTTI251009C3","CANDIOTTI","AROS OPTICOS","","$2.82","$33.84",143,"DOCENA"
153,"CANDIOTTI251010C1","CANDIOTTI251010C1","CANDIOTTI","AROS OPTICOS","","$2.83","$33.96",180,"DOCENA"
154,"CANDIOTTI251010C2","CANDIOTTI251010C2","CANDIOTTI","AROS OPTICOS","","$2.84","$34.08",176,"DOCENA"
155,"CANDIOTTI251010C3","CANDIOTTI251010C3","CANDIOTTI","AROS OPTICOS","","$2.85","$34.20",145,"DOCENA"
156,"CANDIOTTI251011C1","CANDIOTTI251011C1","CANDIOTTI","AROS OPTICOS","","$2.86","$34.32",180,"DOCENA"
157,"CANDIOTTI251011C2","CANDIOTTI251011C2","CANDIOTTI","AROS OPTICOS","","$2.87","$34.44",193,"DOCENA"
158,"CANDIOTTI251011C3","CANDIOTTI251011C3","CANDIOTTI","AROS OPTICOS","","$2.88","$34.56",171,"DOCENA"
159,"CANDIOTTI251012C1","CANDIOTTI251012C1","CANDIOTTI","AROS OPTICOS","","$2.89","$34.68",160,"DOCENA"
160,"CANDIOTTI251012C2","CANDIOTTI251012C2","CANDIOTTI","AROS OPTICOS","","$2.90","$34.80",174,"DOCENA"
161,"CANDIOTTI251012C3","CANDIOTTI251012C3","CANDIOTTI","AROS OPTICOS","","$2.91","$34.92",107,"DOCENA"
162,"CANDIOTTI251013C1","CANDIOTTI251013C1","CANDIOTTI","AROS OPTICOS","","$2.92","$35.04",194,"DOCENA"
163,"CANDIOTTI251013C2","CANDIOTTI251013C2","CANDIOTTI","AROS OPTICOS","","$2.93","$35.16",190,"DOCENA"
164,"CANDIOTTI251013C3","CANDIOTTI251013C3","CANDIOTTI","AROS OPTICOS","","$2.94","$35.28",178,"DOCENA"
165,"CASE10C1","CASE10C1","SM","AROS OPTICOS","Sintético","$0.65","$7.80",618,"DOCENA"
166,"CASE10C2","CASE10C2","SM","AROS OPTICOS","Sintético","$0.65","$7.80",23,"DOCENA"
167,"CASE15A","CASE15A","S-M","ESTUCHE","PVC","$0.63","$7.56",266,"DOCENA"
168,"CASE35","CASE35","SM","ESTUCHE","PVC","$0.62","$7.44",131,"DOCENA"
169,"CASE42","CASE42","SM","ESTUCHE","PVC","$0.62","$7.44",4,"DOCENA"
170,"CASE4BLUE","CASE4BLUE","SM","AROS OPTICOS","Sintético","$0.57","$6.84",487,"DOCENA"
171,"CASE4C2","CASE4C2","SM","AROS OPTICOS","Sintético","$0.63","$7.56",130,"DOCENA"
172,"CASE4C3","CASE4C3","SM","AROS OPTICOS","Sintético","$0.63","$7.56",435,"DOCENA"
173,"CASE4GREEN","CASE4GREEN","SM","AROS OPTICOS","Sintético","$0.57","$6.84",984,"DOCENA"
174,"CASE4RED","CASE4RED","SM","AROS OPTICOS","Sintético","$0.57","$6.84",532,"DOCENA"
175,"CASE51","CASE51","SM","ESTUCHE","PVC","$0.62","$7.44",4,"DOCENA"
176,"CASE53","CASE53","SM","ESTUCHE","PVC","$0.62","$7.44",426,"DOCENA"
177,"CASE54","CASE54","SM","ESTUCHE","PVC","$0.62","$7.44",404,"DOCENA"
178,"CASE57","CASE57","SM","ESTUCHE","PVC","$0.62","$7.44",64,"DOCENA"
179,"CASE5BLUE","CASE5BLUE","SM","AROS OPTICOS","Sintético","$0.62","$7.44",899,"DOCENA"
180,"CASE5GREY","CASE5GREY","SM","AROS OPTICOS","Sintético","$0.62","$7.44",722,"DOCENA"
181,"CASE5RED","CASE5RED","SM","AROS OPTICOS","Sintético","$0.62","$7.44",815,"DOCENA"
182,"CASE6BELLUNO","CASE6BELLUNO","BELLUNO","AROS OPTICOS","Sintético","$0.54","$6.48",8940,"DOCENA"
183,"CASE6BLACKN","CASE6BLACKN","SM","AROS OPTICOS","Sintético","$1.25","$15.00",299,"DOCENA"
184,"CASE6REDN","CASE6REDN","SM","AROS OPTICOS","Sintético","$1.25","$15.00",287,"DOCENA"
185,"CASE70","CASE70","SM","ESTUCHE","PVC","$0.82","$9.84",79,"DOCENA"
186,"CASE7C4","CASE7C4","SM","AROS OPTICOS","Sintético","$0.63","$7.56",292,"DOCENA"
187,"CASE87","CASE87","SM","ESTUCHE","Sintético","$0.62","$7.44",1,"DOCENA"
188,"CASE8C3","CASE8C3","SM","AROS OPTICOS","Sintético","$0.63","$7.56",484,"DOCENA"
189,"CASE8PURPLE","CASE8PURPLE","SM","AROS OPTICOS","PVC","$0.57","$6.84",134,"DOCENA"
190,"CE353608C4","CE353608C4","N/A","N/A","Acetato / Metal","$3.70","$44.40",8,"DOCENA"
191,"CH0027-LHF","CH0027-LHF","N/A","N/A","Acetato / Metal","$56.00","$672.00",1,"DOCENA"
192,"CHAIRS","CHAIRS","SM","AROS OPTICOS","","$30.00","$360.00",19,"DOCENA"
193,"CIRCLERINGBLUE","CIRCLERINGBLUE","SM","AROS OPTICOS","Sintético","$0.38","$4.56",778,"DOCENA"
194,"CIRCLERINGCRYSTAL","CIRCLERINGCRYSTAL","SM","AROS OPTICOS","Silicona","$0.38","$4.56",51,"DOCENA"
195,"CLIPPOUCHBLK","CLIPPOUCHBLK","SM","AROS OPTICOS","Sintético","$0.63","$7.56",1902,"DOCENA"
196,"CONTACTLENSCASE","CONTACTLENSCASE","S-M","ESTUCHE","Plástico","$0.29","$3.48",5499,"DOCENA"
197,"CONTACTLENSCASE2GOL","CONTACTLENSCASE2GOL","SM","AROS OPTICOS","Plástico","$1.00","$12.00",102,"DOCENA"
198,"CONTACTLENSCASE2PINK","CONTACTLENSCASE2PINK","SM","AROS OPTICOS","Plástico","$1.00","$12.00",102,"DOCENA"
199,"CONTACTLENSCASE3PINK","CONTACTLENSCASE3PINK","SM","AROS OPTICOS","","$1.00","$12.00",36,"DOCENA"
200,"CONTACTLENSCASE3SIL","CONTACTLENSCASE3SIL","SM","AROS OPTICOS","","$1.00","$12.00",59,"DOCENA"
201,"D3379C1","D3379C1","N/A","N/A","Acetato / Metal","$7.80","$93.60",3,"DOCENA"
202,"D3436C2","D3436C2","N/A","N/A","Acetato / Metal","$7.30","$87.60",5,"DOCENA"
203,"D3596C1","D3596C1","SIN MARCA","AROS OPTICOS","","$8.90","$106.80",8,"DOCENA"
204,"D3596C2","D3596C2","SIN MARCA","AROS OPTICOS","","$8.90","$106.80",1,"DOCENA"
205,"D3596C3","D3596C3","SIN MARCA","AROS OPTICOS","","$8.90","$106.80",1,"DOCENA"
206,"D3596C4","D3596C4","SIN MARCA","AROS OPTICOS","","$8.90","$106.80",1,"DOCENA"
207,"D3596C5","D3596C5","SIN MARCA","AROS OPTICOS","","$8.90","$106.80",1,"DOCENA"
208,"D3628C1","D3628C1","SIN MARCA","AROS OPTICOS","","$8.90","$106.80",8,"DOCENA"
209,"D3628C2","D3628C2","SIN MARCA","AROS OPTICOS","","$8.90","$106.80",1,"DOCENA"
210,"D3628C3","D3628C3","SIN MARCA","AROS OPTICOS","","$8.90","$106.80",1,"DOCENA"
211,"D3628C4","D3628C4","SIN MARCA","AROS OPTICOS","","$8.90","$106.80",1,"DOCENA"
212,"D3628C5","D3628C5","SIN MARCA","AROS OPTICOS","","$8.90","$106.80",1,"DOCENA"
213,"D3672C1","D3672C1","SIN MARCA","AROS OPTICOS","","$8.90","$106.80",10,"DOCENA"
214,"D3672C2","D3672C2","SIN MARCA","AROS OPTICOS","","$8.90","$106.80",1,"DOCENA"
215,"D3672C4","D3672C4","SIN MARCA","AROS OPTICOS","","$8.90","$106.80",1,"DOCENA"
216,"D3674C1","D3674C1","SIN MARCA","AROS OPTICOS","","$8.90","$106.80",9,"DOCENA"
217,"D3674C2","D3674C2","SIN MARCA","AROS OPTICOS","","$8.90","$106.80",1,"DOCENA"
218,"D3674C3","D3674C3","SIN MARCA","AROS OPTICOS","","$8.90","$106.80",1,"DOCENA"
219,"D3674C4","D3674C4","SIN MARCA","AROS OPTICOS","","$8.90","$106.80",1,"DOCENA"
220,"D3676C1","D3676C1","SIN MARCA","AROS OPTICOS","","$8.90","$106.80",9,"DOCENA"
221,"D3676C2","D3676C2","SIN MARCA","AROS OPTICOS","","$8.90","$106.80",1,"DOCENA"
222,"D3676C3","D3676C3","SIN MARCA","AROS OPTICOS","","$8.90","$106.80",1,"DOCENA"
223,"D3676C4","D3676C4","SIN MARCA","AROS OPTICOS","","$8.90","$106.80",1,"DOCENA"
224,"D3686C1","D3686C1","SIN MARCA","AROS OPTICOS","","$8.90","$106.80",8,"DOCENA"
225,"D3686C2","D3686C2","SIN MARCA","AROS OPTICOS","","$8.90","$106.80",1,"DOCENA"
226,"D3686C3","D3686C3","SIN MARCA","AROS OPTICOS","","$8.90","$106.80",1,"DOCENA"
227,"D3686C5","D3686C5","SIN MARCA","AROS OPTICOS","","$8.90","$106.80",1,"DOCENA"
228,"D3700C1","D3700C1","SIN MARCA","AROS OPTICOS","","$8.90","$106.80",8,"DOCENA"
229,"D3700C2","D3700C2","SIN MARCA","AROS OPTICOS","","$8.90","$106.80",1,"DOCENA"
230,"D3700C3","D3700C3","SIN MARCA","AROS OPTICOS","","$8.90","$106.80",1,"DOCENA"
231,"D3700C4","D3700C4","SIN MARCA","AROS OPTICOS","","$8.90","$106.80",1,"DOCENA"
232,"D3700C5","D3700C5","SIN MARCA","AROS OPTICOS","","$8.90","$106.80",1,"DOCENA"
233,"D3701C1","D3701C1","SIN MARCA","AROS OPTICOS","","$8.90","$106.80",1,"DOCENA"
234,"D3701C2","D3701C2","SIN MARCA","AROS OPTICOS","","$8.90","$106.80",9,"DOCENA"
235,"D3702C1","D3702C1","SIN MARCA","AROS OPTICOS","","$8.90","$106.80",1,"DOCENA"
236,"D3702C2","D3702C2","SIN MARCA","AROS OPTICOS","","$8.90","$106.80",9,"DOCENA"
237,"D3702C3","D3702C3","SIN MARCA","AROS OPTICOS","","$8.90","$106.80",1,"DOCENA"
238,"D3702C4","D3702C4","SIN MARCA","AROS OPTICOS","","$8.90","$106.80",1,"DOCENA"
239,"D3703C1","D3703C1","SIN MARCA","AROS OPTICOS","","$8.90","$106.80",9,"DOCENA"
240,"D3703C4","D3703C4","SIN MARCA","AROS OPTICOS","","$8.90","$106.80",1,"DOCENA"
241,"D3706C1","D3706C1","SIN MARCA","AROS OPTICOS","","$8.90","$106.80",1,"DOCENA"
242,"D3706C2","D3706C2","SIN MARCA","AROS OPTICOS","","$8.90","$106.80",9,"DOCENA"
243,"D3706C3","D3706C3","SIN MARCA","AROS OPTICOS","","$8.90","$106.80",1,"DOCENA"
244,"D3706C4","D3706C4","SIN MARCA","AROS OPTICOS","","$8.90","$106.80",1,"DOCENA"
245,"D3814C1","D3814C1","SIN MARCA","AROS OPTICOS","","$8.90","$106.80",8,"DOCENA"
246,"D3814C2","D3814C2","SIN MARCA","AROS OPTICOS","","$8.90","$106.80",1,"DOCENA"
247,"D3814C3","D3814C3","SIN MARCA","AROS OPTICOS","","$8.90","$106.80",1,"DOCENA"
248,"D3814C4","D3814C4","SIN MARCA","AROS OPTICOS","","$8.90","$106.80",1,"DOCENA"
249,"D3814C5","D3814C5","SIN MARCA","AROS OPTICOS","","$8.90","$106.80",1,"DOCENA"
250,"DAVISTA251001C1","DAVISTA251001C1","DAVISTA","AROS OPTICOS","","$3.60","$43.20",1,"DOCENA"
251,"DAVISTA251001C2","DAVISTA251001C2","DAVISTA","AROS OPTICOS","","$3.60","$43.20",1,"DOCENA"
252,"DAVISTA251001C3","DAVISTA251001C3","DAVISTA","AROS OPTICOS","","$3.60","$43.20",1,"DOCENA"
253,"DAVISTA251002C1","DAVISTA251002C1","DAVISTA","AROS OPTICOS","","$3.60","$43.20",1,"DOCENA"
254,"DAVISTA251002C2","DAVISTA251002C2","DAVISTA","AROS OPTICOS","","$3.60","$43.20",1,"DOCENA"
255,"DAVISTA251002C3","DAVISTA251002C3","DAVISTA","AROS OPTICOS","","$3.60","$43.20",1,"DOCENA"
256,"DAVISTA251003C1","DAVISTA251003C1","DAVISTA","AROS OPTICOS","","$3.60","$43.20",1,"DOCENA"
257,"DAVISTA251003C2","DAVISTA251003C2","DAVISTA","AROS OPTICOS","","$3.60","$43.20",1,"DOCENA"
258,"DAVISTA251003C3","DAVISTA251003C3","DAVISTA","AROS OPTICOS","","$3.60","$43.20",1,"DOCENA"
259,"DAVISTA251004C1","DAVISTA251004C1","DAVISTA","AROS OPTICOS","","$3.60","$43.20",1,"DOCENA"
260,"DAVISTA251004C2","DAVISTA251004C2","DAVISTA","AROS OPTICOS","","$3.60","$43.20",1,"DOCENA"
261,"DAVISTA251004C3","DAVISTA251004C3","DAVISTA","AROS OPTICOS","","$3.60","$43.20",1,"DOCENA"
262,"DAVISTA251005C1","DAVISTA251005C1","DAVISTA","AROS OPTICOS","","$3.60","$43.20",1,"DOCENA"
263,"DAVISTA251005C2","DAVISTA251005C2","DAVISTA","AROS OPTICOS","","$3.60","$43.20",1,"DOCENA"
264,"DAVISTA251005C3","DAVISTA251005C3","DAVISTA","AROS OPTICOS","","$3.60","$43.20",1,"DOCENA"
265,"DAVISTA251006C2","DAVISTA251006C2","DAVISTA","AROS OPTICOS","","$3.60","$43.20",1,"DOCENA"
266,"DAVISTA251006C3","DAVISTA251006C3","DAVISTA","AROS OPTICOS","","$3.60","$43.20",1,"DOCENA"
267,"DAVISTA251007C1","DAVISTA251007C1","DAVISTA","AROS OPTICOS","","$3.60","$43.20",1,"DOCENA"
268,"DAVISTA251007C2","DAVISTA251007C2","DAVISTA","AROS OPTICOS","","$3.60","$43.20",1,"DOCENA"
269,"DAVISTA251007C3","DAVISTA251007C3","DAVISTA","AROS OPTICOS","","$3.60","$43.20",1,"DOCENA"
270,"DAVISTA251008C1","DAVISTA251008C1","DAVISTA","AROS OPTICOS","","$3.60","$43.20",1,"DOCENA"
271,"DAVISTA251008C2","DAVISTA251008C2","DAVISTA","AROS OPTICOS","","$3.60","$43.20",1,"DOCENA"
272,"DAVISTA251008C3","DAVISTA251008C3","DAVISTA","AROS OPTICOS","","$3.60","$43.20",1,"DOCENA"
273,"DAVISTA251009C1","DAVISTA251009C1","DAVISTA","AROS OPTICOS","","$2.75","$33.00",1,"DOCENA"
274,"DAVISTA251009C2","DAVISTA251009C2","DAVISTA","AROS OPTICOS","","$2.75","$33.00",1,"DOCENA"
275,"DAVISTA251009C3","DAVISTA251009C3","DAVISTA","AROS OPTICOS","","$2.75","$33.00",1,"DOCENA"
276,"DAVISTA251010C1","DAVISTA251010C1","DAVISTA","AROS OPTICOS","","$3.60","$43.20",1,"DOCENA"
277,"DAVISTA251010C2","DAVISTA251010C2","DAVISTA","AROS OPTICOS","","$3.60","$43.20",1,"DOCENA"
278,"DAVISTA251010C3","DAVISTA251010C3","DAVISTA","AROS OPTICOS","","$3.60","$43.20",1,"DOCENA"
279,"DAVISTA251011C1","DAVISTA251011C1","DAVISTA","AROS OPTICOS","","$2.75","$33.00",1,"DOCENA"
280,"DAVISTA251011C2","DAVISTA251011C2","DAVISTA","AROS OPTICOS","","$2.75","$33.00",1,"DOCENA"
281,"DAVISTA251011C3","DAVISTA251011C3","DAVISTA","AROS OPTICOS","","$2.75","$33.00",1,"DOCENA"
282,"DD68003C7-1","DD68003C7-1","FIRENCE","AROS OPTICOS","","$4.50","$54.00",2,"DOCENA"
283,"DD68005C2-1","DD68005C2-1","FIRENCE","AROS OPTICOS","","$4.50","$54.00",1,"DOCENA"
284,"DD68005C4-1","DD68005C4-1","FIRENCE","AROS OPTICOS","","$4.50","$54.00",1,"DOCENA"
285,"DD68005C6","DD68005C6","N/A","N/A","Acetato / Metal","$4.90","$58.80",13,"DOCENA"
286,"DD79001C6","DD79001C6","N/A","N/A","Acetato / Metal","$4.90","$58.80",1,"DOCENA"
287,"DD79008C4","DD79008C4","N/A","N/A","Acetato / Metal","$4.90","$58.80",1,"DOCENA"
288,"DONATTO240803C1","DONATTO240803C1","N/A","N/A","Acetato / Metal","$2.00","$24.00",5,"DOCENA"
289,"DONATTO240811C1","DONATTO240811C1","N/A","N/A","Acetato / Metal","$2.00","$24.00",6,"DOCENA"
290,"DONATTO240820C3","DONATTO240820C3","N/A","N/A","Acetato / Metal","$2.00","$24.00",2,"DOCENA"
291,"DONATTO240822C1","DONATTO240822C1","N/A","N/A","Acetato / Metal","$2.00","$24.00",5,"DOCENA"
292,"DREAMY211003","DREAMY211003","DREAMY","AROS OPTICOS","Acetato","$5.33","$63.96",45,"DOCENA"
293,"ELITEVIEW251001C1","ELITEVIEW251001C1","ELITE VIEW","AROS OPTICOS","","$4.30","$51.60",240,"DOCENA"
294,"ELITEVIEW251002C1","ELITEVIEW251002C1","ELITE VIEW","AROS OPTICOS","","$4.30","$51.60",252,"DOCENA"
295,"ELITEVIEW251003C1","ELITEVIEW251003C1","ELITE VIEW","AROS OPTICOS","","$4.30","$51.60",255,"DOCENA"
296,"ELITEVIEW251004C1","ELITEVIEW251004C1","ELITE VIEW","AROS OPTICOS","","$4.30","$51.60",277,"DOCENA"
297,"ELITEVIEW251005C1","ELITEVIEW251005C1","ELITE VIEW","AROS OPTICOS","","$4.30","$51.60",266,"DOCENA"
298,"ELITEVIEW251006C1","ELITEVIEW251006C1","ELITE VIEW","AROS OPTICOS","","$4.30","$51.60",264,"DOCENA"
299,"ELITEVIEW251007C1","ELITEVIEW251007C1","ELITE VIEW","AROS OPTICOS","","$4.30","$51.60",289,"DOCENA"
300,"ELITEVIEW251008C1","ELITEVIEW251008C1","ELITE VIEW","AROS OPTICOS","","$4.30","$51.60",276,"DOCENA"
301,"ELITEVIEW251009C1","ELITEVIEW251009C1","ELITE VIEW","AROS OPTICOS","","$4.30","$51.60",274,"DOCENA"
302,"ELITEVIEW251010C1","ELITEVIEW251010C1","ELITE VIEW","AROS OPTICOS","","$4.30","$51.60",259,"DOCENA"
303,"ELITEVIEW251011C1","ELITEVIEW251011C1","ELITE VIEW","AROS OPTICOS","","$4.30","$51.60",290,"DOCENA"
304,"ELITEVIEW251012C1","ELITEVIEW251012C1","ELITE VIEW","AROS OPTICOS","","$4.30","$51.60",289,"DOCENA"
305,"ELITEVIEW251013C1","ELITEVIEW251013C1","ELITE VIEW","AROS OPTICOS","","$4.30","$51.60",292,"DOCENA"
306,"ELITEVIEW251014C1","ELITEVIEW251014C1","ELITE VIEW","AROS OPTICOS","","$4.30","$51.60",290,"DOCENA"
307,"ET3BLACK","ET3BLACK","SIN MARCA","AROS OPTICOS","","$0.62","$7.44",3174,"DOCENA"
308,"ET3C1N","ET3C1N","SM","AROS OPTICOS","Sintético","$0.62","$7.44",929,"DOCENA"
309,"ET3C4N","ET3C4N","SM","AROS OPTICOS","Sintético","$0.62","$7.44",908,"DOCENA"
310,"ET3DGREY","ET3DGREY","SIN MARCA","AROS OPTICOS","","$0.62","$7.44",3188,"DOCENA"
311,"ET3LAZER1","ET3LAZER1","SM","ESTUCHE","Sintético","$0.65","$7.80",533,"DOCENA"
312,"ET3LAZER10","ET3LAZER10","SM","ESTUCHE","Sintético","$0.65","$7.80",720,"DOCENA"
313,"ET3LAZER18","ET3LAZER18","SM","ESTUCHE","Sintético","$0.65","$7.80",764,"DOCENA"
314,"ET3LAZER21","ET3LAZER21","SM","ESTUCHE","Sintético","$0.65","$7.80",540,"DOCENA"
315,"ET3LAZER24","ET3LAZER24","SM","ESTUCHE","Sintético","$0.65","$7.80",689,"DOCENA"
316,"ET3LAZER3","ET3LAZER3","SM","ESTUCHE","Sintético","$0.65","$7.80",956,"DOCENA"
317,"ET3LAZER31","ET3LAZER31","SM","ESTUCHE","Sintético","$0.65","$7.80",965,"DOCENA"
318,"ET3LAZER34","ET3LAZER34","SM","ESTUCHE","Sintético","$0.65","$7.80",1038,"DOCENA"
319,"ET3LAZER38","ET3LAZER38","SM","ESTUCHE","Sintético","$0.65","$7.80",1080,"DOCENA"
320,"ET3LAZER6","ET3LAZER6","SM","ESTUCHE","Sintético","$0.65","$7.80",423,"DOCENA"
321,"F2243C4","F2243C4","FELINE","AROS OPTICOS","","$3.00","$36.00",40,"DOCENA"
322,"F2243C5","F2243C5","FELINE","AROS OPTICOS","","$3.00","$36.00",38,"DOCENA"
323,"F2243C6","F2243C6","FELINE","AROS OPTICOS","","$3.00","$36.00",36,"DOCENA"
324,"F8355C3","F8355C3","N/A","N/A","Acetato / Metal","$3.00","$36.00",5,"DOCENA"
325,"F8379C2","F8379C2","FELINE","AROS OPTICOS","","$3.00","$36.00",6,"DOCENA"
326,"F90012C3","F90012C3","N/A","N/A","Acetato / Metal","$3.70","$44.40",4,"DOCENA"
327,"F90015C1","F90015C1","N/A","N/A","Acetato / Metal","$3.70","$44.40",9,"DOCENA"
328,"F90015C2","F90015C2","N/A","N/A","Acetato / Metal","$3.70","$44.40",6,"DOCENA"
329,"F93082C10","F93082C10","WEEKEND","AROS OPTICOS","","$5.60","$67.20",1,"DOCENA"
330,"F97011C6","F97011C6","WEEKEND","AROS OPTICOS","","$5.10","$61.20",1,"DOCENA"
331,"F97012C4","F97012C4","WEEKEND","AROS OPTICOS","","$5.60","$67.20",1,"DOCENA"
332,"F97015C2","F97015C2","WEEKEND","AROS OPTICOS","","$5.10","$61.20",1,"DOCENA"
333,"F97015C3","F97015C3","WEEKEND","AROS OPTICOS","","$5.10","$61.20",1,"DOCENA"
334,"F97015C4","F97015C4","WEEKEND","AROS OPTICOS","","$5.10","$61.20",1,"DOCENA"
335,"F97019C6","F97019C6","WEEKEND","AROS OPTICOS","","$5.10","$61.20",1,"DOCENA"
336,"F97020C1","F97020C1","WEEKEND","AROS OPTICOS","","$5.10","$61.20",1,"DOCENA"
337,"F97020C2","F97020C2","WEEKEND","AROS OPTICOS","","$5.10","$61.20",1,"DOCENA"
338,"FACIALE240315C3","FACIALE240315C3","N/A","N/A","Acetato / Metal","$2.42","$29.04",3,"DOCENA"
339,"FISHLINE","FISHLINE","SM","AROS OPTICOS","Nylon","$1.20","$14.40",31,"DOCENA"
340,"G8116C2","G8116C2","SIN MARCA","AROS OPTICOS","","$9.80","$117.60",1,"DOCENA"
341,"G8116C3","G8116C3","SIN MARCA","AROS OPTICOS","","$9.80","$117.60",1,"DOCENA"
342,"G8116C4","G8116C4","SIN MARCA","AROS OPTICOS","","$9.80","$117.60",1,"DOCENA"
343,"G8116C5","G8116C5","SIN MARCA","AROS OPTICOS","","$9.80","$117.60",1,"DOCENA"
344,"G8149C1","G8149C1","SIN MARCA","AROS OPTICOS","","$9.80","$117.60",7,"DOCENA"
345,"G8149C2","G8149C2","SIN MARCA","AROS OPTICOS","","$9.80","$117.60",1,"DOCENA"
346,"G8149C4","G8149C4","SIN MARCA","AROS OPTICOS","","$9.80","$117.60",1,"DOCENA"
347,"G8149C5","G8149C5","SIN MARCA","AROS OPTICOS","","$9.80","$117.60",1,"DOCENA"
348,"G8215C1","G8215C1","SIN MARCA","AROS OPTICOS","","$9.80","$117.60",8,"DOCENA"
349,"G8215C2","G8215C2","SIN MARCA","AROS OPTICOS","","$9.80","$117.60",1,"DOCENA"
350,"G8215C3","G8215C3","SIN MARCA","AROS OPTICOS","","$9.80","$117.60",1,"DOCENA"
351,"G8215C4","G8215C4","SIN MARCA","AROS OPTICOS","","$9.80","$117.60",1,"DOCENA"
352,"G8215C5","G8215C5","SIN MARCA","AROS OPTICOS","","$9.80","$117.60",1,"DOCENA"
353,"G8246C1","G8246C1","SIN MARCA","AROS OPTICOS","","$9.80","$117.60",7,"DOCENA"
354,"G8246C2","G8246C2","SIN MARCA","AROS OPTICOS","","$9.80","$117.60",1,"DOCENA"
355,"G8246C4","G8246C4","SIN MARCA","AROS OPTICOS","","$9.80","$117.60",1,"DOCENA"
356,"G8246C5","G8246C5","SIN MARCA","AROS OPTICOS","","$9.80","$117.60",1,"DOCENA"
357,"G8248C1","G8248C1","SIN MARCA","AROS OPTICOS","","$9.80","$117.60",8,"DOCENA"
358,"G8248C2","G8248C2","SIN MARCA","AROS OPTICOS","","$9.80","$117.60",1,"DOCENA"
359,"G8248C3","G8248C3","SIN MARCA","AROS OPTICOS","","$9.80","$117.60",1,"DOCENA"
360,"G8248C4","G8248C4","SIN MARCA","AROS OPTICOS","","$9.80","$117.60",1,"DOCENA"
361,"G8248C5","G8248C5","SIN MARCA","AROS OPTICOS","","$9.80","$117.60",1,"DOCENA"
362,"GALLARDO251001C1","GALLARDO251001C1","GALLARDO","AROS OPTICOS","","$4.08","$48.96",239,"DOCENA"
363,"GALLARDO251002C1","GALLARDO251002C1","GALLARDO","AROS OPTICOS","","$4.08","$48.96",245,"DOCENA"
364,"GALLARDO251003C1","GALLARDO251003C1","GALLARDO","AROS OPTICOS","","$4.08","$48.96",251,"DOCENA"
365,"GALLARDO251004C1","GALLARDO251004C1","GALLARDO","AROS OPTICOS","","$4.08","$48.96",226,"DOCENA"
366,"GALLARDO251007C1","GALLARDO251007C1","GALLARDO","AROS OPTICOS","","$4.08","$48.96",285,"DOCENA"
367,"GALLARDO251008C1","GALLARDO251008C1","GALLARDO","AROS OPTICOS","","$4.08","$48.96",286,"DOCENA"
368,"GALLARDO251009C1","GALLARDO251009C1","GALLARDO","AROS OPTICOS","","$4.08","$48.96",280,"DOCENA"
369,"GALLARDO251010C1","GALLARDO251010C1","GALLARDO","AROS OPTICOS","","$4.08","$48.96",283,"DOCENA"
370,"GALLARDO251011C1","GALLARDO251011C1","GALLARDO","AROS OPTICOS","","$4.08","$48.96",285,"DOCENA"
371,"GALLARDO251012C1","GALLARDO251012C1","GALLARDO","AROS OPTICOS","","$4.08","$48.96",279,"DOCENA"
372,"GALLARDO251013C1","GALLARDO251013C1","GALLARDO","AROS OPTICOS","","$4.08","$48.96",300,"DOCENA"
373,"GALLARDO251014C1","GALLARDO251014C1","GALLARDO","AROS OPTICOS","","$4.08","$48.96",237,"DOCENA"
374,"GALLARDO251018C1","GALLARDO251018C1","GALLARDO","AROS OPTICOS","","$4.08","$48.96",279,"DOCENA"
375,"GALLARDO251019C1","GALLARDO251019C1","GALLARDO","AROS OPTICOS","","$4.08","$48.96",288,"DOCENA"
376,"GIORDANNI231105MPUR","GIORDANNI231105MPUR","N/A","N/A","Acetato / Metal","$2.60","$31.20",2,"DOCENA"
377,"GISALLY251001C1","GISALLY251001C1","GISALLY","AROS OPTICOS","","$2.65","$31.80",188,"DOCENA"
378,"GISALLY251001C2","GISALLY251001C2","GISALLY","AROS OPTICOS","","$2.65","$31.80",195,"DOCENA"
379,"GISALLY251001C3","GISALLY251001C3","GISALLY","AROS OPTICOS","","$2.65","$31.80",190,"DOCENA"
380,"GISALLY251002C1","GISALLY251002C1","GISALLY","AROS OPTICOS","","$2.65","$31.80",186,"DOCENA"
381,"GISALLY251002C2","GISALLY251002C2","GISALLY","AROS OPTICOS","","$2.65","$31.80",185,"DOCENA"
382,"GISALLY251002C3","GISALLY251002C3","GISALLY","AROS OPTICOS","","$2.65","$31.80",187,"DOCENA"
383,"GISALLY251003C1","GISALLY251003C1","GISALLY","AROS OPTICOS","","$2.65","$31.80",167,"DOCENA"
384,"GISALLY251003C2","GISALLY251003C2","GISALLY","AROS OPTICOS","","$2.65","$31.80",185,"DOCENA"
385,"GISALLY251003C3","GISALLY251003C3","GISALLY","AROS OPTICOS","","$2.65","$31.80",169,"DOCENA"
386,"GISALLY251004C1","GISALLY251004C1","GISALLY","AROS OPTICOS","","$2.65","$31.80",189,"DOCENA"
387,"GISALLY251004C2","GISALLY251004C2","GISALLY","AROS OPTICOS","","$2.65","$31.80",208,"DOCENA"
388,"GISALLY251004C3","GISALLY251004C3","GISALLY","AROS OPTICOS","","$2.65","$31.80",175,"DOCENA"
389,"GISALLY251005C1","GISALLY251005C1","GISALLY","AROS OPTICOS","","$2.65","$31.80",190,"DOCENA"
390,"GISALLY251005C2","GISALLY251005C2","GISALLY","AROS OPTICOS","","$2.65","$31.80",190,"DOCENA"
391,"GISALLY251005C3","GISALLY251005C3","GISALLY","AROS OPTICOS","","$2.65","$31.80",190,"DOCENA"
392,"GISALLY251006C1","GISALLY251006C1","GISALLY","AROS OPTICOS","","$2.65","$31.80",186,"DOCENA"
393,"GISALLY251006C2","GISALLY251006C2","GISALLY","AROS OPTICOS","","$2.65","$31.80",187,"DOCENA"
394,"GISALLY251006C3","GISALLY251006C3","GISALLY","AROS OPTICOS","","$2.65","$31.80",189,"DOCENA"
395,"GISALLY251007C1","GISALLY251007C1","GISALLY","AROS OPTICOS","","$2.65","$31.80",171,"DOCENA"
396,"GISALLY251007C2","GISALLY251007C2","GISALLY","AROS OPTICOS","","$2.65","$31.80",179,"DOCENA"
397,"GISALLY251007C3","GISALLY251007C3","GISALLY","AROS OPTICOS","","$2.65","$31.80",181,"DOCENA"
398,"GISALLY251008C1","GISALLY251008C1","GISALLY","AROS OPTICOS","","$2.65","$31.80",185,"DOCENA"
399,"GISALLY251008C2","GISALLY251008C2","GISALLY","AROS OPTICOS","","$2.65","$31.80",185,"DOCENA"
400,"GISALLY251008C3","GISALLY251008C3","GISALLY","AROS OPTICOS","","$2.65","$31.80",184,"DOCENA"
401,"GORETTY211110","GORETTY211110","GORETTY","AROS OPTICOS","Metal","$2.75","$33.00",108,"DOCENA"
402,"GORETTY211113","GORETTY211113","GORETTY","AROS OPTICOS","Metal","$2.75","$33.00",186,"DOCENA"
403,"H6605C6","H6605C6","N/A","N/A","Acetato / Metal","$5.50","$66.00",1,"DOCENA"
404,"HER0165-WR7","HER0165-WR7","N/A","N/A","Acetato / Metal","$56.00","$672.00",1,"DOCENA"
405,"HER0165-YDC","HER0165-YDC","N/A","N/A","Acetato / Metal","$56.00","$672.00",1,"DOCENA"
406,"HER0196-2M2","HER0196-2M2","N/A","N/A","Acetato / Metal","$56.00","$672.00",1,"DOCENA"
407,"HER0208-NUX","HER0208-NUX","N/A","N/A","Acetato / Metal","$56.00","$672.00",2,"DOCENA"
408,"HER0270-086","HER0270-086","N/A","N/A","Acetato / Metal","$56.00","$672.00",1,"DOCENA"
409,"HER0270-2MO","HER0270-2MO","N/A","N/A","Acetato / Metal","$56.00","$672.00",1,"DOCENA"
410,"IBERIA251003C2","IBERIA251003C2","IBERIA","AROS OPTICOS","","$2.75","$33.00",194,"DOCENA"
411,"JQ09","JQ09","SIN MARCA","AROS OPTICOS","","$0.70","$8.40",139,"DOCENA"
412,"K501C6","K501C6","GOLF PLAYER","AROS OPTICOS","","$3.70","$44.40",3,"DOCENA"
413,"K505C4","K505C4","GOLF PLAYER","AROS OPTICOS","","$3.70","$44.40",2,"DOCENA"
414,"K509C4","K509C4","GOLF PLAYER","AROS OPTICOS","","$3.70","$44.40",8,"DOCENA"
415,"KARYNY240305C3","KARYNY240305C3","SM","AROS OPTICOS","","$3.00","$36.00",1,"DOCENA"
416,"KARYNY240306C1","KARYNY240306C1","SM","AROS OPTICOS","","$3.00","$36.00",19,"DOCENA"
417,"KARYNY240306C2","KARYNY240306C2","SM","AROS OPTICOS","","$3.00","$36.00",147,"DOCENA"
418,"KARYNY240306C3","KARYNY240306C3","SM","AROS OPTICOS","","$3.00","$36.00",132,"DOCENA"
419,"KARYNY240309C2","KARYNY240309C2","SM","AROS OPTICOS","","$3.00","$36.00",21,"DOCENA"
420,"KEEPER14SUR","KEEPER14SUR","SM","CORDONES","Sintético","$0.50","$6.00",76,"DOCENA"
421,"KEEPER2BLACKCORD","KEEPER2BLACKCORD","S-M","CORDONES","Silicona","$0.42","$5.04",900,"DOCENA"
422,"KEEPER2N","KEEPER2N","SM","AROS OPTICOS","Plástico","$0.38","$4.56",566,"DOCENA"
423,"KEEPER3M","KEEPER3M","SM","AROS OPTICOS","Acrílico","$0.38","$4.56",1020,"DOCENA"
424,"KEEPER3N","KEEPER3N","SM","AROS OPTICOS","Plástico","$0.38","$4.56",540,"DOCENA"
425,"KEEPER3R","KEEPER3R","SM","CORDONES","Acrílico","$0.29","$3.48",276,"DOCENA"
426,"KEEPER4A","KEEPER4A","SM","AROS OPTICOS","Plástico","$0.38","$4.56",636,"DOCENA"
427,"KEEPER4BLACKCORD","KEEPER4BLACKCORD","S-M","CORDONES","Sintético","$0.33","$3.96",552,"DOCENA"
428,"KEEPER4M","KEEPER4M","SM","AROS OPTICOS","Acrílico","$0.38","$4.56",878,"DOCENA"
429,"KEEPER4NASST","KEEPER4NASST","SM","CORDONES","Sintético","$0.12","$1.44",2942,"DOCENA"
430,"KEEPER4NBLACK","KEEPER4NBLACK","SM","CORDONES","Sintético","$0.10","$1.20",3000,"DOCENA"
431,"KEEPER5BLACKCORD","KEEPER5BLACKCORD","S-M","CORDONES","Silicona","$0.33","$3.96",1020,"DOCENA"
432,"KEEPER5KIDS1","KEEPER5KIDS1","SM","CORDONES","Sintético","$0.21","$2.52",36,"DOCENA"
433,"KEEPER5N","KEEPER5N","SM","AROS OPTICOS","Plástico","$0.38","$4.56",360,"DOCENA"
434,"KEEPER6N","KEEPER6N","SM","CORDONES","","$0.42","$5.04",708,"DOCENA"
435,"KEEPER7N","KEEPER7N","SM","CORDONES","Sintético","$0.42","$5.04",806,"DOCENA"
436,"KEEPER8N","KEEPER8N","SM","AROS OPTICOS","Plástico","$0.14","$1.68",408,"DOCENA"
437,"KEEPER9N","KEEPER9N","SM","AROS OPTICOS","Plástico","$0.50","$6.00",276,"DOCENA"
438,"LE1137C1","LE1137C1","GALLARDO","AROS OPTICOS","","$5.50","$66.00",1,"DOCENA"
439,"LE6447C2","LE6447C2","MATSUDA","AROS OPTICOS","","$7.80","$93.60",1,"DOCENA"
440,"LE6521C5","LE6521C5","MAR-GEL","AROS OPTICOS","","$7.90","$94.80",12,"DOCENA"
441,"LE6523C2","LE6523C2","MAR-GEL","AROS OPTICOS","","$7.90","$94.80",7,"DOCENA"
442,"LE6525C1","LE6525C1","MAR-GEL","AROS OPTICOS","","$7.90","$94.80",12,"DOCENA"
443,"LE8901C4","LE8901C4","MAR-GEL","AROS OPTICOS","","$6.50","$78.00",12,"DOCENA"
444,"LE9001C1","LE9001C1","SM","AROS OPTICOS","","$3.90","$46.80",1,"DOCENA"
445,"LE9013C4","LE9013C4","SM","AROS OPTICOS","","$3.90","$46.80",1,"DOCENA"
446,"LE9015C3","LE9015C3","GREKO","AROS OPTICOS","","$3.70","$44.40",1,"DOCENA"
447,"LE9015C4","LE9015C4","GREKO","AROS OPTICOS","","$3.70","$44.40",1,"DOCENA"
448,"LR909C3","LR909C3","N/A","N/A","Acetato / Metal","$7.30","$87.60",4,"DOCENA"
449,"LR910C5","LR910C5","N/A","N/A","Acetato / Metal","$7.30","$87.60",6,"DOCENA"
450,"LUTTI251001C1","LUTTI251001C1","LUTTI","AROS OPTICOS","","$5.00","$60.00",1,"DOCENA"
451,"LUTTI251002C1","LUTTI251002C1","LUTTI","AROS OPTICOS","","$5.00","$60.00",1,"DOCENA"
452,"LUTTI251003C1","LUTTI251003C1","LUTTI","AROS OPTICOS","","$5.00","$60.00",1,"DOCENA"
453,"LUTTI251004C1","LUTTI251004C1","LUTTI","AROS OPTICOS","","$5.00","$60.00",1,"DOCENA"
454,"LUTTI251005C1","LUTTI251005C1","LUTTI","AROS OPTICOS","","$5.00","$60.00",1,"DOCENA"
455,"LUTTI251006C1","LUTTI251006C1","LUTTI","AROS OPTICOS","","$5.00","$60.00",1,"DOCENA"
456,"LUTTI251007C1","LUTTI251007C1","LUTTI","AROS OPTICOS","","$5.00","$60.00",1,"DOCENA"
457,"LUTTI251009C1","LUTTI251009C1","LUTTI","AROS OPTICOS","","$5.00","$60.00",1,"DOCENA"
458,"LUTTI251010C1","LUTTI251010C1","LUTTI","AROS OPTICOS","","$5.00","$60.00",1,"DOCENA"
459,"LUTTI251011C1","LUTTI251011C1","LUTTI","AROS OPTICOS","","$5.00","$60.00",1,"DOCENA"
460,"LUTTI251012C1","LUTTI251012C1","LUTTI","AROS OPTICOS","","$5.00","$60.00",1,"DOCENA"
461,"LUTTI251013C1","LUTTI251013C1","LUTTI","AROS OPTICOS","","$5.00","$60.00",1,"DOCENA"
462,"LUTTI251014C1","LUTTI251014C1","LUTTI","AROS OPTICOS","","$5.00","$60.00",1,"DOCENA"
463,"LUTTI251015C1","LUTTI251015C1","LUTTI","AROS OPTICOS","","$5.00","$60.00",1,"DOCENA"
464,"M3901C5","M3901C5","N/A","N/A","Acetato / Metal","$5.00","$60.00",7,"DOCENA"
465,"MBJ067-1","MBJ067-1","S-M","CORDONES","Acrílico","$1.83","$21.96",19,"DOCENA"
466,"MEGGAN251001C1","MEGGAN251001C1","MEGGAN","AROS OPTICOS","","$5.00","$60.00",1,"DOCENA"
467,"MEGGAN251002C1","MEGGAN251002C1","MEGGAN","AROS OPTICOS","","$5.00","$60.00",283,"DOCENA"
468,"MEGGAN251003C1","MEGGAN251003C1","MEGGAN","AROS OPTICOS","","$5.00","$60.00",300,"DOCENA"
469,"MEGGAN251004C1","MEGGAN251004C1","MEGGAN","AROS OPTICOS","","$5.00","$60.00",301,"DOCENA"
470,"MEGGAN251005C1","MEGGAN251005C1","MEGGAN","AROS OPTICOS","","$5.00","$60.00",267,"DOCENA"
471,"MEGGAN251006C1","MEGGAN251006C1","MEGGAN","AROS OPTICOS","","$5.00","$60.00",263,"DOCENA"
472,"MEGGAN251007C1","MEGGAN251007C1","MEGGAN","AROS OPTICOS","","$5.00","$60.00",261,"DOCENA"
473,"MEGGAN251008C1","MEGGAN251008C1","MEGGAN","AROS OPTICOS","","$5.00","$60.00",291,"DOCENA"
474,"MEGGAN251009C1","MEGGAN251009C1","MEGGAN","AROS OPTICOS","","$5.00","$60.00",297,"DOCENA"
475,"MEGGAN251010C1","MEGGAN251010C1","MEGGAN","AROS OPTICOS","","$5.00","$60.00",281,"DOCENA"
476,"MEGGAN251011C1","MEGGAN251011C1","MEGGAN","AROS OPTICOS","","$5.00","$60.00",276,"DOCENA"
477,"MEGGAN251013C1","MEGGAN251013C1","MEGGAN","AROS OPTICOS","","$5.00","$60.00",288,"DOCENA"
478,"MEGGAN251014C1","MEGGAN251014C1","MEGGAN","AROS OPTICOS","","$5.00","$60.00",296,"DOCENA"
479,"MEGGAN251015C1","MEGGAN251015C1","MEGGAN","AROS OPTICOS","","$5.00","$60.00",293,"DOCENA"
480,"MG6862C4","MG6862C4","N/A","N/A","Acetato / Metal","$8.50","$102.00",3,"DOCENA"
481,"MG6864C1","MG6864C1","N/A","N/A","Acetato / Metal","$8.50","$102.00",1,"DOCENA"
482,"MG6865C1","MG6865C1","ELITE VIEW","AROS OPTICOS","","$8.50","$102.00",3,"DOCENA"
483,"MIRRORWHITE","MIRRORWHITE","SIN MARCA","AROS OPTICOS","","$13.50","$162.00",10,"DOCENA"
484,"MN8092C1","MN8092C1","N/A","N/A","Acetato / Metal","$2.50","$30.00",4,"DOCENA"
485,"NA290411","NA290411","NATURAL","AROS OPTICOS","Plástico","$0.83","$9.96",10,"DOCENA"
486,"NEWWAY220704","NEWWAY220704","NEW  WAY","AROS OPTICOS","Pasta","$2.75","$33.00",105,"DOCENA"
487,"NEWWAY220710","NEWWAY220710","NEW  WAY","AROS OPTICOS","Pasta","$2.75","$33.00",137,"DOCENA"
488,"NEWWAY220712","NEWWAY220712","NEW  WAY","AROS OPTICOS","Pasta","$2.75","$33.00",224,"DOCENA"
489,"NEWWAY220713","NEWWAY220713","NEW  WAY","AROS OPTICOS","Pasta","$2.75","$33.00",250,"DOCENA"
490,"NEWWAY220714","NEWWAY220714","NEW  WAY","AROS OPTICOS","Pasta","$2.75","$33.00",2,"DOCENA"
491,"NOSEPADN","NOSEPADN","S-M","NARIGUERA","Plástico","$0.25","$3.00",1,"DOCENA"
492,"P1325C6","P1325C6","N/A","N/A","Acetato / Metal","$6.00","$72.00",4,"DOCENA"
493,"P23059C1","P23059C1","N/A","N/A","Acetato / Metal","$3.70","$44.40",1,"DOCENA"
494,"P80122C4","P80122C4","KIAMIL","AROS OPTICOS","","$2.40","$28.80",1,"DOCENA"
495,"P82230C1","P82230C1","N/A","N/A","Acetato / Metal","$2.40","$28.80",1,"DOCENA"
496,"P82255C1","P82255C1","KIAMIL","AROS OPTICOS","","$2.40","$28.80",1,"DOCENA"
497,"P82255C5","P82255C5","KIAMIL","AROS OPTICOS","","$2.40","$28.80",1,"DOCENA"
498,"PAPERBAGN","PAPERBAGN","SM","AROS OPTICOS","","$0.25","$3.00",5094,"DOCENA"
499,"PLASTICCASE1","PLASTICCASE1","SM","AROS OPTICOS","Plástico","$0.21","$2.52",156,"DOCENA"
500,"PLASTICCASE3","PLASTICCASE3","SM","AROS OPTICOS","Plástico","$0.21","$2.52",221,"DOCENA"
501,"PLASTICCASE4","PLASTICCASE4","SM","AROS OPTICOS","Plástico","$0.21","$2.52",188,"DOCENA"
502,"PRESTIGE211221","PRESTIGE211221","PRESTIGE","AROS OPTICOS","Pasta","$2.25","$27.00",289,"DOCENA"
503,"PRESTIGE211230","PRESTIGE211230","PRESTIGE","AROS OPTICOS","Pasta","$2.00","$24.00",101,"DOCENA"
504,"PRESTIGE211233","PRESTIGE211233","PRESTIGE","AROS OPTICOS","Pasta","$2.00","$24.00",91,"DOCENA"
505,"RDR7159FC1","RDR7159FC1","N/A","N/A","Acetato / Metal","$3.50","$42.00",1,"DOCENA"
506,"S11576C16","S11576C16","WEEKEND","AROS OPTICOS","","$5.60","$67.20",1,"DOCENA"
507,"S11576C6","S11576C6","WEEKEND","AROS OPTICOS","","$5.60","$67.20",1,"DOCENA"
508,"SAFTY072BLUE","SAFTY072BLUE","SM","AROS OPTICOS","","$3.50","$42.00",1,"DOCENA"
509,"SCREWDRIVER1","SCREWDRIVER1","SM","AROS OPTICOS","Metal","$8.00","$96.00",11,"DOCENA"
510,"SCREWDRIVER2","SCREWDRIVER2","SM","AROS OPTICOS","Metal","$5.50","$66.00",24,"DOCENA"
511,"SET8001","SET8001","SM","AROS OPTICOS","","$10.00","$120.00",31,"DOCENA"
512,"SET9802","SET9802","SM","AROS OPTICOS","","$10.00","$120.00",6,"DOCENA"
513,"SET9806","SET9806","SM","AROS OPTICOS","","$10.00","$120.00",29,"DOCENA"
514,"SET9809","SET9809","SM","AROS OPTICOS","","$10.00","$120.00",30,"DOCENA"
515,"SET9813","SET9813","SM","AROS OPTICOS","","$10.00","$120.00",32,"DOCENA"
516,"SMARTKIDS221004","SMARTKIDS221004","SMART  KIDS","AROS OPTICOS","TR90","$2.25","$27.00",172,"DOCENA"
517,"SOFTCASE3","SOFTCASE3","S-M","ESTUCHE","Sintético","$0.63","$7.56",1,"DOCENA"
518,"SOFTCASE5","SOFTCASE5","S-M","ESTUCHE","Sintético","$0.63","$7.56",20,"DOCENA"
519,"ST004BLACK","ST004BLACK","SM","AROS OPTICOS","Sintético","$0.62","$7.44",141,"DOCENA"
520,"ST005BLACK","ST005BLACK","SM","AROS OPTICOS","Sintético","$0.62","$7.44",672,"DOCENA"
521,"ST005BROWN","ST005BROWN","S-M","ESTUCHE","Sintético","$0.63","$7.56",762,"DOCENA"
522,"ST005COFFEE","ST005COFFEE","SIN MARCA","AROS OPTICOS","","$0.62","$7.44",1052,"DOCENA"
523,"ST011BLACK","ST011BLACK","SM","AROS OPTICOS","","$0.62","$7.44",534,"DOCENA"
524,"ST011BROWN","ST011BROWN","S-M","ESTUCHE","Sintético","$0.63","$7.56",1005,"DOCENA"
525,"ST011COFFEE","ST011COFFEE","SIN MARCA","AROS OPTICOS","","$0.62","$7.44",1187,"DOCENA"
526,"T2026SC1","T2026SC1","SIN MARCA","AROS OPTICOS","","$12.50","$150.00",8,"DOCENA"
527,"T2026SC2","T2026SC2","SIN MARCA","AROS OPTICOS","","$12.50","$150.00",1,"DOCENA"
528,"T2026SC3","T2026SC3","SIN MARCA","AROS OPTICOS","","$12.50","$150.00",1,"DOCENA"
529,"T2026SC4","T2026SC4","SIN MARCA","AROS OPTICOS","","$12.50","$150.00",1,"DOCENA"
530,"T2026SC5","T2026SC5","SIN MARCA","AROS OPTICOS","","$12.50","$150.00",1,"DOCENA"
531,"T2031SC1","T2031SC1","SIN MARCA","AROS OPTICOS","","$12.50","$150.00",8,"DOCENA"
532,"T2031SC2","T2031SC2","SIN MARCA","AROS OPTICOS","","$12.50","$150.00",1,"DOCENA"
533,"T2031SC3","T2031SC3","SIN MARCA","AROS OPTICOS","","$12.50","$150.00",1,"DOCENA"
534,"T2031SC4","T2031SC4","SIN MARCA","AROS OPTICOS","","$12.50","$150.00",1,"DOCENA"
535,"T2031SC5","T2031SC5","SIN MARCA","AROS OPTICOS","","$12.50","$150.00",1,"DOCENA"
536,"T2038SC1","T2038SC1","SIN MARCA","AROS OPTICOS","","$12.50","$150.00",8,"DOCENA"
537,"T2038SC2","T2038SC2","SIN MARCA","AROS OPTICOS","","$12.50","$150.00",1,"DOCENA"
538,"T2038SC3","T2038SC3","SIN MARCA","AROS OPTICOS","","$12.50","$150.00",1,"DOCENA"
539,"T2038SC4","T2038SC4","SIN MARCA","AROS OPTICOS","","$12.50","$150.00",1,"DOCENA"
540,"T2038SC5","T2038SC5","SIN MARCA","AROS OPTICOS","","$12.50","$150.00",1,"DOCENA"
541,"T5203C1","T5203C1","MEGGAN","AROS OPTICOS","","$5.50","$66.00",1,"DOCENA"
542,"T5203C3","T5203C3","MEGGAN","AROS OPTICOS","","$5.50","$66.00",1,"DOCENA"
543,"T5207C6","T5207C6","MEGGAN","AROS OPTICOS","","$5.50","$66.00",1,"DOCENA"
544,"T63013C1","T63013C1","N/A","N/A","Acetato / Metal","$4.50","$54.00",1,"DOCENA"
545,"T63013C3","T63013C3","N/A","N/A","Acetato / Metal","$4.50","$54.00",1,"DOCENA"
546,"TA1022C4","TA1022C4","N/A","N/A","Acetato / Metal","$9.75","$117.00",5,"DOCENA"
547,"TR27015C5","TR27015C5","FIRENCE","AROS OPTICOS","","$4.50","$54.00",1,"DOCENA"
548,"TR27016C4","TR27016C4","N/A","N/A","Acetato / Metal","$4.50","$54.00",7,"DOCENA"
549,"TR60023C2","TR60023C2","FAZIO","AROS OPTICOS","","$4.90","$58.80",20,"DOCENA"
550,"TR60023C5","TR60023C5","FAZIO","AROS OPTICOS","","$4.90","$58.80",12,"DOCENA"
551,"TR60023C6","TR60023C6","FAZIO","AROS OPTICOS","","$4.90","$58.80",18,"DOCENA"
552,"TR60025C6","TR60025C6","FAZIO","AROS OPTICOS","","$4.90","$58.80",1,"DOCENA"
553,"TR60027C2","TR60027C2","N/A","N/A","Acetato / Metal","$4.90","$58.80",5,"DOCENA"
554,"TR60028C1","TR60028C1","FAZIO","AROS OPTICOS","","$4.90","$58.80",30,"DOCENA"
555,"TR60028C2","TR60028C2","FAZIO","AROS OPTICOS","","$4.90","$58.80",44,"DOCENA"
556,"TR60029C1","TR60029C1","FAZIO","AROS OPTICOS","","$4.90","$58.80",13,"DOCENA"
557,"TR60029C4","TR60029C4","FAZIO","AROS OPTICOS","","$4.90","$58.80",11,"DOCENA"
558,"TR60030C1","TR60030C1","FAZIO","AROS OPTICOS","","$4.90","$58.80",7,"DOCENA"
559,"TR60031C4","TR60031C4","COLLEZIONE","AROS OPTICOS","","$4.90","$58.80",35,"DOCENA"
560,"TR60032C5","TR60032C5","FAZIO","AROS OPTICOS","","$4.90","$58.80",3,"DOCENA"
561,"TR8210C14","TR8210C14","N/A","N/A","Acetato / Metal","$5.10","$61.20",1,"DOCENA"
562,"TR8283C8","TR8283C8","WEEKEND","AROS OPTICOS","","$5.10","$61.20",1,"DOCENA"
563,"TR87129C3","TR87129C3","N/A","N/A","Acetato / Metal","$6.00","$72.00",4,"DOCENA"
564,"TR87155C1","TR87155C1","N/A","N/A","Acetato / Metal","$5.60","$67.20",6,"DOCENA"
565,"TR87282C1","TR87282C1","N/A","N/A","Acetato / Metal","$6.00","$72.00",5,"DOCENA"
566,"TR87336C4","TR87336C4","N/A","N/A","Acetato / Metal","$6.20","$74.40",6,"DOCENA"
567,"TRAVESIAC1","TRAVESIAC1","N/A","N/A","Acetato / Metal","$9.90","$118.80",1,"DOCENA"
568,"UMBRELLA","UMBRELLA","SIN MARCA","AROS OPTICOS","","$5.50","$66.00",85,"DOCENA"
569,"V27605C3","V27605C3","N/A","N/A","Acetato / Metal","$4.70","$56.40",12,"DOCENA"
570,"V4BLK","V4BLK","SM","CORDONES","","$0.62","$7.44",3498,"DOCENA"
571,"V4BLUE","V4BLUE","SM","CORDONES","","$0.62","$7.44",1979,"DOCENA"
572,"V4COFFEE","V4COFFEE","SM","CORDONES","","$0.62","$7.44",1706,"DOCENA"
573,"V4RED","V4RED","SM","CORDONES","","$0.62","$7.44",352,"DOCENA"
574,"XC84045-2C5","XC84045-2C5","SM","AROS OPTICOS","","$4.50","$54.00",15,"DOCENA"